{
       
   "kids-books" : [
       {
           "book name": "Goodnight Moon",
           "author name" : " margaret-wise brown",
           "price" : "29.99$"
          
       },

       {
        "book name": "The Snowy Day",
        "author name" : " ezra jack keats",
        "price" : "15.99$"
       },

       {
        "book name": "fry bread",
        "author name" : "noble maillard",
        "price" : "15.99$"
       }
    
   ] ,


   "adults-books" : [
    {
        "book name": "All of You",
        "author name" : "Christina Lee",
        "price" : "29.99$"
       
    },

    {
     "book name": "The Deal",
     "author name" : "Elle Kennedy",
     "price" : "15.99$"
    },

    {
     "book name": "Easy ",
     "author name" : "Tammara Webber",
     "price" : "17.99$"
    }
   ],
 
   "humor books" : [
    {
        "book name": "scoop",
        "author name" : "evelyn waugh",
        "price" : "23.99$"
       
    },

    {
     "book name": "the panic years",
     "author name" : "nell frizzel",
     "price" : "11.99$"
    },

    {
     "book name": "i feel bad about my neck",
     "author name" : "nora ephron",
     "price" : "12.99$"
    }

   ]

   }








