{
    "cities we deliver to" : ["Ra'anana","Tel Aviv","Herzlya"],
    "Estimated delivery time": [
        {
         "city name" : "Raanana",
         "Estimated delivery time" : "2-3 buisness days",
         "delivering company name" : "DHL"

        },
        {
            "city name" : "Tel aviv",
            "Estimated delivery time" : "4-5 buisness days",
            "delivering company name" : "Cheetah"
   
           },
           {
            "city name" : "Herzlya",
            "Estimated delivery time" : "6-8 buisness days",
            "delivering company name" : "FedEx"
   
           }
        ],
        "books you may like" : [
 
           {
            "book name": "ulysses",
            "author name" : "James Joyce",
            "price" : "12.99$"

           },
           {
            "book name": "Moby Dick",
            "author name" : "Herman Melville",
            "price" : "18.99$"

           },
           {
            "book name": "Hamlet",
            "author name" : "William Shakespeare",
            "price" : "19.99$"

           }

        ]
}